{
  "forward_mlp": {
    "mse": 0.023025861009955406,
    "mae": 0.08490464091300964,
    "max_abs_error": 0.6847277283668518,
    "r2": 0.7906515002250671
  },
  "skip_cnn": {
    "mse": 0.004465819802135229,
    "mae": 0.034458842128515244,
    "max_abs_error": 0.375750869512558,
    "r2": 0.9593972563743591
  },
  "siren": {
    "mse": 0.0023750821128487587,
    "mae": 0.026501767337322235,
    "max_abs_error": 0.31858551502227783,
    "r2": 0.9784060120582581
  }
}