{
  "forward_mlp": {
    "mse": 0.022025832906365395,
    "mae": 0.0897221788764,
    "max_abs_error": 0.6708575487136841,
    "r2": 0.79974365234375
  },
  "skip_cnn": {
    "mse": 0.007869133725762367,
    "mae": 0.045036137104034424,
    "max_abs_error": 0.44942405819892883,
    "r2": 0.9284547567367554
  },
  "siren": {
    "mse": 0.00789478700608015,
    "mae": 0.04609696939587593,
    "max_abs_error": 0.4804016351699829,
    "r2": 0.9282215237617493
  }
}