{
  "forward_mlp": {
    "mse": 0.022677700966596603,
    "mae": 0.08569217473268509,
    "max_abs_error": 0.6755884885787964,
    "r2": 0.7938169240951538
  },
  "skip_cnn": {
    "mse": 0.002651382703334093,
    "mae": 0.028138918802142143,
    "max_abs_error": 0.32111164927482605,
    "r2": 0.9758939146995544
  },
  "siren": {
    "mse": 0.0034839175641536713,
    "mae": 0.03215138986706734,
    "max_abs_error": 0.34830158948898315,
    "r2": 0.968324601650238
  }
}