{
  "tandem": {
    "mse": 0.3351219892501831
  },
  "generative_tandem": {
    "mse": 0.4285149574279785
  },
  "cvae": {
    "mse": 0.4558235704898834
  },
  "cvae_wishful": {
    "mse": 0.34821152687072754
  }
}