{
  "all_wavelengths": {
    "_note": "All wavelengths \u2014 R\u00b2 inflated by spectral variance",
    "p": {
      "n_samples": 1498,
      "mse": 0.04881098121404648,
      "mae": 0.17845413088798523,
      "max_abs_error": 0.7366989850997925,
      "mean_abs_error": 0.198611319065094,
      "r2": 0.4266664981842041
    },
    "s": {
      "n_samples": 1498,
      "mse": 0.05031462013721466,
      "mae": 0.1816835254430771,
      "max_abs_error": 0.66921466588974,
      "mean_abs_error": 0.198611319065094,
      "r2": 0.4067961573600769
    }
  },
  "ref_495nm": {
    "_note": "495 nm only \u2014 R\u00b2 reflects geometry variation",
    "p": {
      "n_samples": 753,
      "mse": 0.02593630738556385,
      "mae": 0.13410384953022003,
      "max_abs_error": 0.35592830181121826,
      "mean_abs_error": 0.1560383439064026,
      "r2": -0.47576820850372314
    },
    "s": {
      "n_samples": 753,
      "mse": 0.031145425513386726,
      "mae": 0.1425519734621048,
      "max_abs_error": 0.39427465200424194,
      "mean_abs_error": 0.1560383439064026,
      "r2": -0.7905254364013672
    }
  }
}