{
  "forward_mlp": {
    "mse": 0.0225682333111763,
    "mae": 0.08485186845064163,
    "max_abs_error": 0.6730924844741821,
    "r2": 0.7953404188156128
  },
  "skip_cnn": {
    "mse": 0.0024849672336131334,
    "mae": 0.027134345844388008,
    "max_abs_error": 0.3167625367641449,
    "r2": 0.9774651527404785
  },
  "siren": {
    "mse": 0.0033265738748013973,
    "mae": 0.03116670623421669,
    "max_abs_error": 0.3457670211791992,
    "r2": 0.9698330163955688
  }
}