{
  "forward_mlp": {
    "mse": 0.02387760952115059,
    "mae": 0.113697849214077,
    "max_abs_error": 0.6146678924560547,
    "r2": 0.7829074859619141
  },
  "skip_cnn": {
    "mse": 0.01493627205491066,
    "mae": 0.06488954275846481,
    "max_abs_error": 0.563160240650177,
    "r2": 0.8642011284828186
  },
  "siren": {
    "mse": 0.027915023267269135,
    "mae": 0.1008281484246254,
    "max_abs_error": 0.8431312441825867,
    "r2": 0.7461998462677002
  }
}