{
  "forward_mlp": {
    "mse": 0.0218916404992342,
    "mae": 0.08885668218135834,
    "max_abs_error": 0.6722400784492493,
    "r2": 0.8014761209487915
  },
  "skip_cnn": {
    "mse": 0.007618254981935024,
    "mae": 0.04395030811429024,
    "max_abs_error": 0.4451470375061035,
    "r2": 0.930914044380188
  },
  "siren": {
    "mse": 0.0075825415551662445,
    "mae": 0.04489103704690933,
    "max_abs_error": 0.47485971450805664,
    "r2": 0.9312378764152527
  }
}