{
  "forward_mlp": {
    "mse": 0.02248268388211727,
    "mae": 0.08980794996023178,
    "max_abs_error": 0.6736181378364563,
    "r2": 0.7967259883880615
  },
  "skip_cnn": {
    "mse": 0.012329072691500187,
    "mae": 0.060297831892967224,
    "max_abs_error": 0.5692890882492065,
    "r2": 0.8885284662246704
  },
  "siren": {
    "mse": 0.012975526973605156,
    "mae": 0.06183435395359993,
    "max_abs_error": 0.6254203915596008,
    "r2": 0.8826836347579956
  }
}