{
  "forward_mlp": {
    "mse": 0.023037998005747795,
    "mae": 0.0854097381234169,
    "max_abs_error": 0.7116729617118835,
    "r2": 0.7905411720275879
  },
  "skip_cnn": {
    "mse": 0.002881236607208848,
    "mae": 0.029717130586504936,
    "max_abs_error": 0.3259047269821167,
    "r2": 0.9738041162490845
  },
  "siren": {
    "mse": 0.0026980568654835224,
    "mae": 0.02853156439960003,
    "max_abs_error": 0.32398471236228943,
    "r2": 0.9754695892333984
  }
}