{
  "forward_mlp": {
    "mse": 0.023026466369628906,
    "mae": 0.08582504838705063,
    "max_abs_error": 0.6805713772773743,
    "r2": 0.7918094992637634
  },
  "skip_cnn": {
    "mse": 0.0023739533498883247,
    "mae": 0.027142925187945366,
    "max_abs_error": 0.2978008985519409,
    "r2": 0.9785362482070923
  },
  "siren": {
    "mse": 0.0038241236470639706,
    "mae": 0.03276637941598892,
    "max_abs_error": 0.35866808891296387,
    "r2": 0.9654247164726257
  }
}