{
  "forward_mlp": {
    "mse": 0.023655232042074203,
    "mae": 0.08565305173397064,
    "max_abs_error": 0.6773503422737122,
    "r2": 0.786124587059021
  },
  "skip_cnn": {
    "mse": 0.010904686525464058,
    "mae": 0.055463846772909164,
    "max_abs_error": 0.5441094040870667,
    "r2": 0.9014068245887756
  },
  "siren": {
    "mse": 0.0019985144026577473,
    "mae": 0.024241197854280472,
    "max_abs_error": 0.29146403074264526,
    "r2": 0.9819307327270508
  }
}