{
  "forward_mlp": {
    "mse": 0.023384682834148407,
    "mae": 0.08371464908123016,
    "max_abs_error": 0.6982610821723938,
    "r2": 0.7883108854293823
  },
  "skip_cnn": {
    "mse": 0.002083614468574524,
    "mae": 0.02465728111565113,
    "max_abs_error": 0.31071487069129944,
    "r2": 0.9811381697654724
  },
  "siren": {
    "mse": 0.002439450705423951,
    "mae": 0.026878569275140762,
    "max_abs_error": 0.31844305992126465,
    "r2": 0.977916955947876
  },
  "skip_cnn_al1": {
    "mse": 0.010631341487169266,
    "mae": 0.05977560207247734,
    "max_abs_error": 0.4049491882324219,
    "r2": 0.9037601351737976
  },
  "skip_cnn_al2": {
    "mse": 0.0102854548022151,
    "mae": 0.0581904798746109,
    "max_abs_error": 0.3966177999973297,
    "r2": 0.9068912267684937
  },
  "skip_cnn_al3": {
    "mse": 0.008460390381515026,
    "mae": 0.051338259130716324,
    "max_abs_error": 0.37878653407096863,
    "r2": 0.923412561416626
  },
  "skip_cnn_al4": {
    "mse": 0.008753026835620403,
    "mae": 0.052117522805929184,
    "max_abs_error": 0.38005542755126953,
    "r2": 0.9207634925842285
  },
  "skip_cnn_al5": {
    "mse": 0.009141414426267147,
    "mae": 0.05551613122224808,
    "max_abs_error": 0.3937406837940216,
    "r2": 0.9172476530075073
  },
  "skip_cnn_al6": {
    "mse": 0.008709724061191082,
    "mae": 0.05374613776803017,
    "max_abs_error": 0.39138728380203247,
    "r2": 0.9211555123329163
  },
  "skip_cnn_al7": {
    "mse": 0.008358950726687908,
    "mae": 0.051740314811468124,
    "max_abs_error": 0.3824458420276642,
    "r2": 0.9243308901786804
  },
  "skip_cnn_al8": {
    "mse": 0.008606179617345333,
    "mae": 0.05203639715909958,
    "max_abs_error": 0.38096678256988525,
    "r2": 0.922092854976654
  }
}