{
  "forward_mlp": {
    "mse": 0.022735362872481346,
    "mae": 0.08538908511400223,
    "max_abs_error": 0.6986621022224426,
    "r2": 0.7932927012443542
  },
  "skip_cnn": {
    "mse": 0.0029455036856234074,
    "mae": 0.030014870688319206,
    "max_abs_error": 0.33052122592926025,
    "r2": 0.9732198119163513
  },
  "siren": {
    "mse": 0.0035943908151239157,
    "mae": 0.03308441862463951,
    "max_abs_error": 0.3461052477359772,
    "r2": 0.9673202037811279
  }
}