{
  "forward_mlp": {
    "mse": 0.023028181865811348,
    "mae": 0.0841820016503334,
    "max_abs_error": 0.6840014457702637,
    "r2": 0.7906304001808167
  },
  "skip_cnn": {
    "mse": 0.00226821331307292,
    "mae": 0.02525588870048523,
    "max_abs_error": 0.31260618567466736,
    "r2": 0.9793776869773865
  },
  "siren": {
    "mse": 0.002753253560513258,
    "mae": 0.028272844851017,
    "max_abs_error": 0.3210642635822296,
    "r2": 0.9749677181243896
  }
}