{
  "forward_mlp": {
    "mse": 0.02292095683515072,
    "mae": 0.08412736654281616,
    "max_abs_error": 0.6803736090660095,
    "r2": 0.7921417951583862
  },
  "skip_cnn": {
    "mse": 0.004238298162817955,
    "mae": 0.033445194363594055,
    "max_abs_error": 0.3692823648452759,
    "r2": 0.9615650773048401
  },
  "siren": {
    "mse": 0.0022354174870997667,
    "mae": 0.025456255301833153,
    "max_abs_error": 0.31587788462638855,
    "r2": 0.9797281622886658
  }
}