{
  "forward_mlp": {
    "mse": 0.022793028503656387,
    "mae": 0.10344581305980682,
    "max_abs_error": 0.6288322806358337,
    "r2": 0.7927683591842651
  },
  "skip_cnn": {
    "mse": 0.009962400421500206,
    "mae": 0.050965335220098495,
    "max_abs_error": 0.47098493576049805,
    "r2": 0.9094229936599731
  },
  "siren": {
    "mse": 0.027675015851855278,
    "mae": 0.10068337619304657,
    "max_abs_error": 0.8367692828178406,
    "r2": 0.7483819127082825
  }
}