{
  "tandem": {
    "mse": 0.5615736842155457
  },
  "generative_tandem": {
    "mse": 0.5380839705467224
  },
  "cvae": {
    "mse": 0.5080979466438293
  }
}