{
  "samples": [
    {
      "sample_id": 1,
      "material": "Si",
      "h": 1817.3504433687986,
      "inc_ang": 8.416767036985334,
      "amps": [
        5.707010037601139,
        1.5131597584990677,
        9.529112654717048,
        0.12188823406677467,
        1.1943014141165913,
        6.069678087715467,
        4.359431559457059,
        12.748069500021682,
        13.146009043036296,
        0.36617503247620786
      ],
      "phases": [
        4.934677353080835,
        2.46560231151484,
        1.1657105760376305,
        1.6184674364130687,
        3.027270542998653,
        6.149526758546829,
        2.4554035315771863,
        2.8658353809089974,
        0.5066598523740627,
        3.446272753463988
      ]
    },
    {
      "sample_id": 2,
      "material": "TiO2",
      "h": 1019.5570576684667,
      "inc_ang": 16.60307199009413,
      "amps": [
        11.108081808398323,
        9.026805886831262,
        2.666394811840002,
        14.78098023131438,
        14.228551635035252,
        1.5847551330317027,
        11.276188503540112,
        5.162451009609134,
        8.370872677103453,
        13.147700633917308
      ],
      "phases": [
        3.205354813350075,
        1.6975672158832849,
        3.9166832403162277,
        3.1924761371144794,
        5.8079474778401865,
        0.6915399524157239,
        5.367616469291589,
        0.3504379667000597,
        4.816553507169204,
        5.628966143318027
      ]
    },
    {
      "sample_id": 3,
      "material": "Si3N4",
      "h": 2445.120716737057,
      "inc_ang": 32.92831411801703,
      "amps": [
        3.0626079101337487,
        13.5583586183315,
        11.587521743410283,
        9.30123699059669,
        9.000458415390685,
        14.963187699911057,
        6.065377726862953,
        1.675745610498796,
        1.4741730131429225,
        6.096354457294358
      ],
      "phases": [
        1.1332441496947212,
        5.092016531846597,
        5.99039515897175,
        6.043314082089111,
        0.6944952127941255,
        3.202128617884199,
        0.9105673692831948,
        4.680975446871072,
        2.8594392639779165,
        0.9349811168693286
      ]
    }
  ],
  "ForwardMLP": {
    "mae": 0.07553847134113312
  },
  "SkipCNN": {
    "mae": 0.04315504804253578
  }
}