{
  "forward_mlp": {
    "mse": 0.016085458919405937,
    "mae": 0.07533401250839233,
    "max_abs_error": 0.5737420916557312,
    "r2": 0.8528814911842346
  },
  "skip_cnn": {
    "mse": 0.0053668757900595665,
    "mae": 0.04287867248058319,
    "max_abs_error": 0.3615649938583374,
    "r2": 0.9509142637252808
  },
  "siren": {
    "mse": 0.005274793598800898,
    "mae": 0.04269837588071823,
    "max_abs_error": 0.36109858751296997,
    "r2": 0.9517564177513123
  }
}