{
  "forward_mlp": {
    "mse": 0.023795969784259796,
    "mae": 0.11322598159313202,
    "max_abs_error": 0.616539478302002,
    "r2": 0.784206748008728
  },
  "skip_cnn": {
    "mse": 0.014501784928143024,
    "mae": 0.06325594335794449,
    "max_abs_error": 0.5598946213722229,
    "r2": 0.8684908747673035
  },
  "siren": {
    "mse": 0.028018055483698845,
    "mae": 0.10092072188854218,
    "max_abs_error": 0.8399157524108887,
    "r2": 0.745918869972229
  }
}