{
  "forward_mlp": {
    "mse": 0.013956179842352867,
    "mae": 0.07341218739748001,
    "max_abs_error": 0.4778194725513458,
    "r2": 0.8731120228767395
  },
  "skip_cnn": {
    "mse": 0.0110669806599617,
    "mae": 0.06287778913974762,
    "max_abs_error": 0.4297775328159332,
    "r2": 0.8993802666664124
  },
  "siren": {
    "mse": 0.011073432862758636,
    "mae": 0.0626983717083931,
    "max_abs_error": 0.4305850565433502,
    "r2": 0.8993216156959534
  }
}