{
  "forward_mlp": {
    "mse": 0.033372655510902405,
    "mae": 0.10350733250379562,
    "max_abs_error": 0.7804195880889893,
    "r2": 0.6518267393112183
  },
  "spatial_cnn": {
    "mse": 0.017396003007888794,
    "mae": 0.07484891265630722,
    "max_abs_error": 0.6130105257034302,
    "r2": 0.8185094594955444
  },
  "skip_cnn": {
    "mse": 0.0034815387334674597,
    "mae": 0.03332754969596863,
    "max_abs_error": 0.30170759558677673,
    "r2": 0.9636774659156799
  },
  "siren": {
    "mse": 0.10730753093957901,
    "mae": 0.2837456464767456,
    "max_abs_error": 0.716653048992157,
    "r2": -0.11952757835388184
  },
  "transformer_forward": {
    "mse": 0.05140383541584015,
    "mae": 0.14256945252418518,
    "max_abs_error": 0.860141932964325,
    "r2": 0.4637094736099243
  }
}