{
  "forward_mlp": {
    "mse": 0.02405206486582756,
    "mae": 0.11312167346477509,
    "max_abs_error": 0.6254425048828125,
    "r2": 0.7825366854667664
  },
  "skip_cnn": {
    "mse": 0.017351249232888222,
    "mae": 0.07187037169933319,
    "max_abs_error": 0.6304122805595398,
    "r2": 0.8431211709976196
  },
  "siren": {
    "mse": 0.028669582679867744,
    "mae": 0.10151026397943497,
    "max_abs_error": 0.8078822493553162,
    "r2": 0.7407880425453186
  }
}