{
  "material": "TiO2",
  "mode": "bounded_1000-3000nm",
  "objective": "mean_abs",
  "n_harmonics": 7,
  "order_N": 20,
  "amp_max_nm": 15.0,
  "n_iters": 500,
  "n_restarts": 1,
  "elapsed_s": 32221.41463446617,
  "restarts": [
    {
      "seed": 1234,
      "best_loss": -0.4487895667552948,
      "best_h": 0.0,
      "best_amps": [
        4.814339637756348,
        10.160104751586914,
        9.868207931518555,
        7.529049873352051,
        5.137293815612793,
        4.822748184204102,
        10.055936813354492
      ],
      "best_phases": [
        4.052085876464844,
        4.095970153808594,
        2.106940746307373,
        2.150784492492676,
        4.1818013191223145,
        4.176995277404785,
        2.2527196407318115
      ]
    }
  ]
}