{
  "material": "Si3N4",
  "mode": "bounded_1000-3000nm",
  "objective": "mean_abs",
  "n_harmonics": 7,
  "order_N": 20,
  "amp_max_nm": 15.0,
  "n_iters": 500,
  "n_restarts": 1,
  "elapsed_s": 13838.228441953659,
  "restarts": [
    {
      "seed": 1234,
      "best_loss": -0.4854082465171814,
      "best_h": 0.0,
      "best_amps": [
        3.554894208908081,
        5.401095390319824,
        11.500935554504395,
        11.379057884216309,
        3.8134329319000244,
        3.491154193878174,
        6.772930145263672
      ],
      "best_phases": [
        1.8658642768859863,
        4.720276832580566,
        1.5484310388565063,
        1.7801332473754883,
        4.703664779663086,
        1.9914580583572388,
        4.492127895355225
      ]
    }
  ]
}