{
  "material": "Si",
  "mode": "bounded_1000-3000nm",
  "objective": "mean_abs",
  "n_harmonics": 7,
  "order_N": 20,
  "amp_max_nm": 15.0,
  "n_iters": 500,
  "n_restarts": 1,
  "elapsed_s": 19940.812079906464,
  "restarts": [
    {
      "seed": 1234,
      "best_loss": -0.33533328771591187,
      "best_h": 0.0,
      "best_amps": [
        0.08205149322748184,
        14.564741134643555,
        14.68110179901123,
        0.22058600187301636,
        0.05713052675127983,
        0.04930800199508667,
        0.04678849130868912
      ],
      "best_phases": [
        2.479210376739502,
        3.3945062160491943,
        3.3262124061584473,
        3.5857906341552734,
        3.496889352798462,
        2.1531484127044678,
        3.9660427570343018
      ]
    }
  ]
}