{
  "material": "Si",
  "mode": "bounded_1000-3000nm",
  "objective": "mean_abs",
  "n_harmonics": 7,
  "order_N": 20,
  "amp_max_nm": 15.0,
  "n_iters": 1,
  "n_restarts": 1,
  "elapsed_s": 72.766122341156,
  "restarts": [
    {
      "seed": 1234,
      "best_loss": -0.29964679479599,
      "best_h": 0.0,
      "best_amps": [
        7.125313758850098,
        7.8746867179870605,
        7.874685764312744,
        7.125362873077393,
        7.125314712524414,
        7.125316143035889,
        7.125320911407471
      ],
      "best_phases": [
        2.984980344772339,
        2.9847910404205322,
        2.984785556793213,
        3.298295497894287,
        3.2982399463653564,
        2.984776735305786,
        3.298401355743408
      ]
    }
  ]
}