{
  "forward_mlp": {
    "mse": 0.022668952122330666,
    "mae": 0.10277606546878815,
    "max_abs_error": 0.6285592317581177,
    "r2": 0.7944270372390747
  },
  "skip_cnn": {
    "mse": 0.00968142133206129,
    "mae": 0.04963140934705734,
    "max_abs_error": 0.46650344133377075,
    "r2": 0.9122042059898376
  },
  "siren": {
    "mse": 0.027930771932005882,
    "mae": 0.10105860978364944,
    "max_abs_error": 0.8374371528625488,
    "r2": 0.7467104196548462
  }
}