{
  "forward_mlp": {
    "mse": 0.02290455624461174,
    "mae": 0.10270442813634872,
    "max_abs_error": 0.6056985855102539,
    "r2": 0.79291170835495
  },
  "skip_cnn": {
    "mse": 0.016226395964622498,
    "mae": 0.06780561804771423,
    "max_abs_error": 0.6063287258148193,
    "r2": 0.8532913327217102
  },
  "siren": {
    "mse": 0.028116686269640923,
    "mae": 0.1008867397904396,
    "max_abs_error": 0.8295721411705017,
    "r2": 0.7457870244979858
  }
}